{
  "initial_balance": 1000000,
  "final_balance": 999897.1492510388,
  "total_pnl": -102.85074896112079,
  "total_trades": 5,
  "winning_trades": 1,
  "losing_trades": 4,
  "win_rate": 20.0,
  "max_drawdown": 0.010405400792062501,
  "return_pct": -0.010285074896120931
}